driverId,name,ssn,location,certified,wage-plan
10,Angela Atkins,871-94-4828,"89165 Michelle Locks Apt. 617
Jacksonchester, CT 65351",N,hours
11,David Gordon,089-60-3056,"8906 Tracy Junction Suite 388
Amberberg, VA 71067",N,hours
12,Michael Carpenter MD,030-18-8220,"04727 Donald Station
Ballborough, MT 46016",Y,hours
13,Craig Sanchez,466-43-8086,"0011 Shannon Squares Suite 903
New Susantown, MS 16870",N,miles
14,Rebecca Martin,444-06-6860,"373 Diana Passage
Morenoshire, MN 01730",Y,miles
15,William Avery,421-04-4841,"382 Ballard Trail
West Isaiahtown, NH 89279",N,hours
16,Patrick Horton,065-69-7444,"Unit 7193 Box 7796
DPO AA 21184",N,miles
17,Katelyn Smith,413-97-6388,"787 Pearson Shores Apt. 964
South Mitchell, SD 49252",N,hours
18,Maria Pacheco,490-68-9770,"2903 Kemp Garden Suite 844
West Cindymouth, MN 84624",N,miles
19,Amanda Day,454-16-8588,"57431 Tara Meadows Apt. 659
Melissastad, TX 30151",N,hours
20,Joseph Kelly,115-05-4616,"9583 Patrick Station Apt. 495
West Benjaminmouth, SC 60153",Y,hours
21,Sabrina Gonzales,588-61-2913,"Unit 2575 Box 8692
DPO AE 81811",N,miles
22,Brian Davis,036-07-6740,"7188 Green Courts
South Tammy, AR 69765",Y,miles
23,Anna Clarke,265-09-5331,"5399 Bruce Springs Apt. 488
Millerport, NV 42164",N,miles
24,Javier Ross,689-97-2770,"724 David Underpass Suite 423
Sandersstad, WY 94332",Y,hours
25,Jason Garrett,241-04-4059,"30023 Henderson Junctions Suite 451
West Marcus, AZ 77342",N,hours
26,Amy Nicholson,078-09-9247,"743 Anna Mountains
Nathanielside, OK 20888",Y,hours
27,Travis Singleton,543-50-3927,"994 Wayne Alley Suite 162
Port Jessica, NY 67263",Y,hours
28,Sharon Scott,246-22-7730,"242 Suzanne Rest
Leachtown, GA 32291",Y,hours
29,Rodney Brown,705-20-6756,"9002 Garrison Junctions Suite 210
East Jonathan, NH 81810",Y,miles
30,David Todd,763-42-3930,"39509 Garcia Views
West Patrick, CO 83074",Y,hours
31,Gregory Martin,450-58-0430,"6792 Hogan Corners Apt. 720
South Chase, SC 10004",N,hours
32,Shannon Ramsey,227-62-0778,"115 Lisa Orchard
Anthonyfort, MH 28993",N,hours
33,Albert Bray,050-75-9536,"62657 Daniel Road
Port Michaelchester, OH 93268",N,hours
34,Theresa Brown,663-90-4972,"Unit 3168 Box 2143
DPO AA 54178",Y,miles
35,Jason Brennan,382-44-9874,"5052 Cooley Path
West Martha, TN 02424",Y,miles
36,Mary Dunn,521-90-5091,"62515 Charles Spur Apt. 066
Port Walterberg, SD 55022",N,miles
37,Lisa Knight,524-53-7717,"55592 Robert Lodge Apt. 921
Sanchezport, TN 86778",Y,hours
38,Joseph Campos,847-16-9355,"16663 Thomas Overpass Apt. 670
Lorettaside, MD 53729",N,miles
39,Carl Howard,102-40-9567,"74508 White Haven Suite 187
Vasquezmouth, NY 92840",Y,hours
40,Veronica Estes,509-50-4194,"257 Walters Squares Suite 357
Larryside, PW 58261",N,hours
41,Dennis Ray,110-71-1762,"5588 Chambers Shoal Apt. 540
New Derrickchester, OR 23495",N,hours
42,Carolyn Adams,015-21-1792,"339 Evelyn Rapids Apt. 194
Michaelhaven, AS 92224",Y,miles
43,Erin Lopez,388-35-6119,"601 Jones Light Suite 439
Morganport, DE 53984",N,miles
44,Jeremy Garcia,480-20-2041,"4953 Kevin Route
Brookeport, DE 72736",Y,hours
45,Chad Martin,392-60-1655,"34216 Rachel Ford Suite 903
Port Matthew, NY 90993",Y,miles
46,Nathan Mendez,393-70-2185,"USNV Mayer
FPO AA 63279",N,hours
47,Heather Bennett,313-07-3814,"2229 Joseph Walks
Wilsonport, VA 49247",Y,miles
48,Ashley Wilson,867-49-8737,"793 Day Summit
East Harryfort, TN 28090",N,miles
49,Jacob Smith,744-55-3203,"56986 Jose Circles
East Mark, PA 02448",N,miles
50,Michael Rogers,200-53-6931,"15038 Contreras Union Apt. 632
Freemanview, OH 61995",N,miles
51,Katie Fernandez,485-22-0251,"10447 Clayton Track Suite 345
Matthewport, PA 71016",N,miles
52,Stephen Jenkins,102-79-6781,"Unit 5409 Box 0674
DPO AE 23408",Y,hours
53,Joseph Reese,117-90-5418,"1384 Yolanda Way Suite 205
East Sergio, PW 67557",N,hours
54,Christy Weber,403-44-8402,"9376 Bush Forest
West John, TN 83553",Y,miles
55,Mr. Timothy Mcmillan,328-65-4747,"55064 Karen Pass Apt. 454
Yorkborough, AK 93828",Y,miles
56,Jennifer Osborne,431-70-4026,"USCGC Brown
FPO AA 89065",N,miles
57,Cindy Gregory,779-18-0237,"136 Garcia Inlet
East Waltermouth, CO 03952",Y,hours
58,Pamela Johnson,511-70-4913,"3825 Adam Forge Apt. 044
Brandonchester, MN 76120",N,miles
59,Austin Paul,703-99-3247,"22455 Smith Falls Apt. 838
Singhfort, PW 14410",N,miles
60,Stacy Townsend,809-69-3025,"05950 Sarah Estates Suite 270
Dodsonbury, VA 23072",N,hours
61,Eugene Jensen,142-83-2363,"63940 Noah Avenue
Port Peterton, LA 25557",Y,hours
62,Veronica Horton,800-94-3648,"Unit 2169 Box 8492
DPO AP 43628",N,miles
63,Robert Wall,313-65-5263,"14725 Cook Camp
Lake Robertville, GU 74414",N,miles
64,Jason Sellers,659-24-1952,"305 Amanda Groves
Port Samantha, MN 01367",Y,hours
65,Brittany Sweeney,397-99-3176,"55027 Jones Plains
East David, KY 15410",Y,miles
66,Donna Flores,700-34-7339,"5069 Garcia Forest
Arielland, MP 49385",N,miles
67,Nancy Khan,274-03-8518,"034 Dunn Vista Suite 885
West Holly, CT 19393",N,miles
68,Samantha Padilla,276-73-1087,"319 Karina Lights Apt. 941
East Richard, AZ 51846",N,miles
69,William Sanders,275-19-8332,"Unit 4642 Box 7744
DPO AP 12267",N,hours
70,James Kennedy,671-01-6877,"26167 Lisa Tunnel Suite 745
Richardbury, NE 04936",N,miles
71,Perry Walton,362-88-6173,"968 Jesse Union Suite 047
New Carol, MP 81453",Y,miles
72,Patricia Stone,434-40-1192,"115 Christopher Ferry
New Christy, WV 29299",N,hours
73,Mr. Jared Hernandez DDS,864-27-2921,"PSC 3877, Box 2536
APO AA 57435",Y,miles
74,Lisa Rodriguez,534-42-6148,"390 Stephanie Corners
Josestad, NE 68575",Y,miles
75,Teresa Bernard,899-92-1448,"93500 Jackson Springs Suite 361
Wyattbury, ME 36559",N,miles
76,Patrick Edwards,165-91-2251,"1370 Kimberly Views
Bushton, KY 55581",Y,miles
77,Samantha Wang,037-14-2135,"USNV Krause
FPO AP 85574",Y,miles
78,Roy Garcia,465-58-1318,"Unit 9936 Box 8236
DPO AA 68713",Y,hours
79,Michelle Woods,785-76-1350,"4251 Brennan Junctions
Kennethshire, VT 90816",Y,hours
80,Cynthia Mckinney,167-33-8534,"USNS Williams
FPO AA 87489",N,hours
81,Darren Johnston,718-64-1486,"186 Clayton Club
Ramseyhaven, SD 08273",Y,hours
82,Robert Bray,349-12-1204,"994 Whitaker Stravenue Suite 770
Aaronhaven, OR 12834",Y,hours
83,Shawn Myers,008-78-7782,"5822 Ward Stravenue
East Bruceville, TN 29018",Y,miles
84,Kelli Wade,325-39-0388,"0580 Daniel Well Apt. 362
West Danielfurt, MO 22480",N,miles
85,Linda Bailey,467-15-9911,"965 Joseph Spur
Ballstad, MD 26354",N,miles
86,Todd Thomas,189-47-0443,"1433 Bailey Burgs Apt. 496
West Lauren, UT 58324",N,hours
87,Melissa Larson,597-48-8946,"67691 Robert Inlet
Burnsstad, PW 60533",N,hours
88,Angela Browning,584-80-2022,"8157 Horne Union
Rebeccafurt, PA 35700",Y,hours
89,Victor Jordan,527-39-6780,"PSC 7237, Box 8339
APO AA 08681",Y,hours
90,Jason Crawford,765-81-2612,"6267 Kenneth Corner
Amandafurt, NH 53565",Y,hours
91,Ashley Park,341-70-7664,"3291 Melissa Harbor
Port Patricia, SC 44085",Y,miles
92,David Foster,875-52-8804,"046 Rodriguez Plains Suite 327
Kingbury, PA 12787",N,miles
93,Kim Benson,404-38-0146,"896 Megan Loop Apt. 945
Currystad, PR 78924",N,hours
94,Andrew Hall,517-13-1034,"8527 Brandon Corners
Leeville, AS 47617",Y,hours
95,Sandra Meyer,165-18-9352,"910 Campos Plaza
Petersside, FM 20811",Y,miles
96,Sergio Rice,398-72-5676,"412 Jessica Shoals
Port Kyle, NE 13854",N,hours
97,Robyn Harris,706-65-7165,"072 Thomas Ranch Suite 065
West Christopherstad, GU 41633",N,miles
98,Matthew Ross,455-91-0052,"1808 Rebecca Glen Suite 302
New Maryland, TX 22625",N,miles
99,Mrs. Shelia Rose,866-40-8238,"171 Lee Mountain Suite 082
Port Michael, ND 26357",Y,hours
100,Michelle Flores,175-65-9257,"3784 Gill Junctions
East Seantown, KS 99091",Y,hours
101,Lauren Choi,417-46-1274,"5121 Smith Mountains Apt. 323
East Tina, NM 85203",Y,miles
102,Gary Jones,627-46-1895,"1860 Bond Meadow Suite 418
Donnachester, DC 38622",Y,miles
103,Mr. Jeffery Marshall,034-54-2003,"USNS Sanders
FPO AE 30289",N,miles
104,Teresa Cordova,680-22-7403,"3807 Mcgrath Via Suite 521
East Rebecca, TN 07821",N,hours
105,Michael Knight,788-32-3131,"401 Becky Lock
Danielborough, WV 66082",N,miles
106,Jacob George,811-40-0833,"954 Julie Forest Suite 444
Richardburgh, MS 83442",N,hours
107,Jeffrey Ward,840-49-1827,"52300 Sara Avenue
Lake Michaelmouth, CT 97440",Y,miles
108,Angela Pierce,030-50-8827,"USNV Simon
FPO AP 11536",N,miles
109,James Fisher,776-25-1711,"7768 Anthony Vista
Lake Donnamouth, CO 33773",N,hours
